산업단지,작업년월
서울,20233
녹산,20233
대구,20233
남동,20233
부평,20233
주안,20233
광주첨단,20233
빛그린,20233
온산,20233
울산ㆍ미포,20233
반월,20233
시화,20233
시화MTV,20233
파주탄현,20233
동두천,20233
북평,20233
오송생명과학,20233
석문,20233
아산,20233
장항생태,20233
국가식품클러스터,20233
국가식품클러스터(외),20233
군산,20233
군산2,20233
익산,20233
광양,20233
대불,20233
대불(외국인),20233
여수,20233
구미,20233
구미(외),20233
포항,20233
포항블루밸리,20233
경남항공,20233
밀양나노,20233
안정,20233
진해,20233
창원,20233
계,20233
서울,20233
녹산,20233
대구,20233
남동,20233
부평,20233
주안,20233
광주첨단,20233
빛그린,20233
온산,20233
울산ㆍ미포,20233
반월,20233
시화,20233
시화MTV,20233
파주탄현,20233
동두천,20233
북평,20233
오송생명과학,20233
석문,20233
아산,20233
장항생태,20233
국가식품클러스터,20233
국가식품클러스터(외),20233
군산,20233
군산2,20233
익산,20233
광양,20233
대불,20233
대불(외국인),20233
여수,20233
구미,20233
구미(외),20233
포항,20233
포항블루밸리,20233
경남항공,20233
밀양나노,20233
안정,20233
진해,20233
창원,20233
계,20233
서울,20233
녹산,20233
대구,20233
남동,20233
부평,20233
주안,20233
광주첨단,20233
빛그린,20233
온산,20233
울산ㆍ미포,20233
반월,20233
시화,20233
시화MTV,20233
파주탄현,20233
동두천,20233
북평,20233
오송생명과학,20233
석문,20233
아산,20233
장항생태,20233
국가식품클러스터,20233
국가식품클러스터(외),20233
군산,20233
군산2,20233
익산,20233
광양,20233
대불,20233
대불(외국인),20233
여수,20233
구미,20233
구미(외),20233
포항,20233
포항블루밸리,20233
경남항공,20233
밀양나노,20233
안정,20233
진해,20233
창원,20233
계,20233
서울,20233
녹산,20233
대구,20233
남동,20233
부평,20233
주안,20233
광주첨단,20233
빛그린,20233
온산,20233
울산ㆍ미포,20233
반월,20233
시화,20233
시화MTV,20233
파주탄현,20233
동두천,20233
북평,20233
오송생명과학,20233
석문,20233
아산,20233
장항생태,20233
국가식품클러스터,20233
국가식품클러스터(외),20233
군산,20233
군산2,20233
익산,20233
광양,20233
대불,20233
대불(외국인),20233
여수,20233
구미,20233
구미(외),20233
포항,20233
포항블루밸리,20233
경남항공,20233
밀양나노,20233
안정,20233
진해,20233
창원,20233
계,20233
서울,20233
녹산,20233
대구,20233
남동,20233
부평,20233
주안,20233
광주첨단,20233
빛그린,20233
온산,20233
울산ㆍ미포,20233
반월,20233
시화,20233
시화MTV,20233
파주탄현,20233
동두천,20233
북평,20233
오송생명과학,20233
석문,20233
아산,20233
장항생태,20233
국가식품클러스터,20233
국가식품클러스터(외),20233
군산,20233
군산2,20233
익산,20233
광양,20233
대불,20233
대불(외국인),20233
여수,20233
구미,20233
구미(외),20233
포항,20233
포항블루밸리,20233
경남항공,20233
밀양나노,20233
안정,20233
진해,20233
창원,20233
계,20233
서울,20233
녹산,20233
대구,20233
남동,20233
부평,20233
주안,20233
광주첨단,20233
빛그린,20233
온산,20233
울산ㆍ미포,20233
반월,20233
시화,20233
시화MTV,20233
파주탄현,20233
동두천,20233
북평,20233
오송생명과학,20233
석문,20233
아산,20233
장항생태,20233
국가식품클러스터,20233
국가식품클러스터(외),20233
군산,20233
군산2,20233
익산,20233
광양,20233
대불,20233
대불(외국인),20233
여수,20233
구미,20233
구미(외),20233
포항,20233
포항블루밸리,20233
경남항공,20233
밀양나노,20233
안정,20233
진해,20233
창원,20233
계,20233
서울,20233
녹산,20233
대구,20233
남동,20233
부평,20233
주안,20233
광주첨단,20233
빛그린,20233
온산,20233
울산ㆍ미포,20233
반월,20233
시화,20233
시화MTV,20233
파주탄현,20233
동두천,20233
북평,20233
오송생명과학,20233
석문,20233
아산,20233
장항생태,20233
국가식품클러스터,20233
국가식품클러스터(외),20233
군산,20233
군산2,20233
익산,20233
광양,20233
대불,20233
대불(외국인),20233
여수,20233
구미,20233
구미(외),20233
포항,20233
포항블루밸리,20233
경남항공,20233
밀양나노,20233
안정,20233
진해,20233
창원,20233
계,20233
서울,20233
녹산,20233
대구,20233
남동,20233
부평,20233
주안,20233
광주첨단,20233
빛그린,20233
온산,20233
울산ㆍ미포,20233
반월,20233
시화,20233
시화MTV,20233
파주탄현,20233
동두천,20233
북평,20233
오송생명과학,20233
석문,20233
아산,20233
장항생태,20233
국가식품클러스터,20233
국가식품클러스터(외),20233
군산,20233
군산2,20233
익산,20233
광양,20233
대불,20233
대불(외국인),20233
여수,20233
구미,20233
구미(외),20233
포항,20233
포항블루밸리,20233
경남항공,20233
밀양나노,20233
안정,20233
진해,20233
창원,20233
계,20233
서울,20233
녹산,20233
대구,20233
남동,20233
부평,20233
주안,20233
광주첨단,20233
빛그린,20233
온산,20233
울산ㆍ미포,20233
반월,20233
시화,20233
시화MTV,20233
파주탄현,20233
동두천,20233
북평,20233
오송생명과학,20233
석문,20233
아산,20233
장항생태,20233
국가식품클러스터,20233
국가식품클러스터(외),20233
군산,20233
군산2,20233
익산,20233
광양,20233
대불,20233
대불(외국인),20233
여수,20233
구미,20233
구미(외),20233
포항,20233
포항블루밸리,20233
경남항공,20233
밀양나노,20233
안정,20233
진해,20233
창원,20233
계,20233
서울,20233
녹산,20233
대구,20233
남동,20233
부평,20233
주안,20233
광주첨단,20233
빛그린,20233
온산,20233
울산ㆍ미포,20233
반월,20233
시화,20233
시화MTV,20233
파주탄현,20233
동두천,20233
북평,20233
오송생명과학,20233
석문,20233
아산,20233
장항생태,20233
국가식품클러스터,20233
국가식품클러스터(외),20233
군산,20233
군산2,20233
익산,20233
광양,20233
대불,20233
대불(외국인),20233
여수,20233
구미,20233
구미(외),20233
포항,20233
포항블루밸리,20233
경남항공,20233
밀양나노,20233
안정,20233
진해,20233
창원,20233
계,20233
서울,20233
녹산,20233
대구,20233
남동,20233
부평,20233
주안,20233
광주첨단,20233
빛그린,20233
온산,20233
울산ㆍ미포,20233
반월,20233
시화,20233
시화MTV,20233
파주탄현,20233
동두천,20233
북평,20233
오송생명과학,20233
석문,20233
아산,20233
장항생태,20233
국가식품클러스터,20233
국가식품클러스터(외),20233
군산,20233
군산2,20233
익산,20233
광양,20233
대불,20233
대불(외국인),20233
여수,20233
구미,20233
구미(외),20233
포항,20233
포항블루밸리,20233
경남항공,20233
밀양나노,20233
안정,20233
진해,20233
창원,20233
계,20233
서울,20233
녹산,20233
대구,20233
남동,20233
부평,20233
주안,20233
광주첨단,20233
빛그린,20233
온산,20233
울산ㆍ미포,20233
반월,20233
시화,20233
시화MTV,20233
파주탄현,20233
동두천,20233
북평,20233
오송생명과학,20233
석문,20233
아산,20233
장항생태,20233
국가식품클러스터,20233
국가식품클러스터(외),20233
군산,20233
군산2,20233
익산,20233
광양,20233
대불,20233
대불(외국인),20233
여수,20233
구미,20233
구미(외),20233
포항,20233
포항블루밸리,20233
경남항공,20233
밀양나노,20233
안정,20233
진해,20233
창원,20233
계,20233
서울,20233
녹산,20233
대구,20233
남동,20233
부평,20233
주안,20233
광주첨단,20233
빛그린,20233
온산,20233
울산ㆍ미포,20233
반월,20233
시화,20233
시화MTV,20233
파주탄현,20233
동두천,20233
북평,20233
오송생명과학,20233
석문,20233
아산,20233
장항생태,20233
국가식품클러스터,20233
국가식품클러스터(외),20233
군산,20233
군산2,20233
익산,20233
광양,20233
대불,20233
대불(외국인),20233
여수,20233
구미,20233
구미(외),20233
포항,20233
포항블루밸리,20233
경남항공,20233
밀양나노,20233
안정,20233
진해,20233
창원,20233
계,20233
서울,20233
녹산,20233
대구,20233
남동,20233
부평,20233
주안,20233
광주첨단,20233
빛그린,20233
온산,20233
울산ㆍ미포,20233
반월,20233
시화,20233
시화MTV,20233
파주탄현,20233
동두천,20233
북평,20233
오송생명과학,20233
석문,20233
아산,20233
장항생태,20233
국가식품클러스터,20233
국가식품클러스터(외),20233
군산,20233
군산2,20233
익산,20233
광양,20233
대불,20233
대불(외국인),20233
여수,20233
구미,20233
구미(외),20233
포항,20233
포항블루밸리,20233
경남항공,20233
밀양나노,20233
안정,20233
진해,20233
창원,20233
계,20233
서울,20233
녹산,20233
대구,20233
남동,20233
부평,20233
주안,20233
광주첨단,20233
빛그린,20233
온산,20233
울산ㆍ미포,20233
반월,20233
시화,20233
시화MTV,20233
파주탄현,20233
동두천,20233
북평,20233
오송생명과학,20233
석문,20233
아산,20233
장항생태,20233
국가식품클러스터,20233
국가식품클러스터(외),20233
군산,20233
군산2,20233
익산,20233
광양,20233
대불,20233
대불(외국인),20233
여수,20233
구미,20233
구미(외),20233
포항,20233
포항블루밸리,20233
경남항공,20233
밀양나노,20233
안정,20233
진해,20233
창원,20233
계,20233
서울,20233
녹산,20233
대구,20233
남동,20233
부평,20233
주안,20233
광주첨단,20233
빛그린,20233
온산,20233
울산ㆍ미포,20233
반월,20233
시화,20233
시화MTV,20233
파주탄현,20233
동두천,20233
북평,20233
오송생명과학,20233
석문,20233
아산,20233
장항생태,20233
국가식품클러스터,20233
국가식품클러스터(외),20233
군산,20233
군산2,20233
익산,20233
광양,20233
대불,20233
대불(외국인),20233
여수,20233
구미,20233
구미(외),20233
포항,20233
포항블루밸리,20233
경남항공,20233
밀양나노,20233
안정,20233
진해,20233
창원,20233
계,20233
서울,20233
녹산,20233
대구,20233
남동,20233
부평,20233
주안,20233
광주첨단,20233
빛그린,20233
온산,20233
울산ㆍ미포,20233
반월,20233
시화,20233
시화MTV,20233
파주탄현,20233
동두천,20233
북평,20233
오송생명과학,20233
석문,20233
아산,20233
장항생태,20233
국가식품클러스터,20233
국가식품클러스터(외),20233
군산,20233
군산2,20233
익산,20233
광양,20233
대불,20233
대불(외국인),20233
여수,20233
구미,20233
구미(외),20233
포항,20233
포항블루밸리,20233
경남항공,20233
밀양나노,20233
안정,20233
진해,20233
창원,20233
계,20233
서울,20233
녹산,20233
대구,20233
남동,20233
부평,20233
주안,20233
광주첨단,20233
빛그린,20233
온산,20233
울산ㆍ미포,20233
반월,20233
시화,20233
시화MTV,20233
파주탄현,20233
동두천,20233
북평,20233
오송생명과학,20233
석문,20233
아산,20233
장항생태,20233
국가식품클러스터,20233
국가식품클러스터(외),20233
군산,20233
군산2,20233
익산,20233
광양,20233
대불,20233
대불(외국인),20233
여수,20233
구미,20233
구미(외),20233
포항,20233
포항블루밸리,20233
경남항공,20233
밀양나노,20233
안정,20233
진해,20233
창원,20233
계,20233
서울,20233
녹산,20233
대구,20233
남동,20233
부평,20233
주안,20233
광주첨단,20233
빛그린,20233
온산,20233
울산ㆍ미포,20233
반월,20233
시화,20233
시화MTV,20233
파주탄현,20233
동두천,20233
북평,20233
오송생명과학,20233
석문,20233
아산,20233
장항생태,20233
국가식품클러스터,20233
국가식품클러스터(외),20233
군산,20233
군산2,20233
익산,20233
광양,20233
대불,20233
대불(외국인),20233
여수,20233
구미,20233
구미(외),20233
포항,20233
포항블루밸리,20233
경남항공,20233
밀양나노,20233
안정,20233
진해,20233
창원,20233
계,20233
서울,20233
녹산,20233
대구,20233
남동,20233
부평,20233
주안,20233
광주첨단,20233
빛그린,20233
온산,20233
울산ㆍ미포,20233
반월,20233
시화,20233
시화MTV,20233
파주탄현,20233
동두천,20233
북평,20233
오송생명과학,20233
석문,20233
아산,20233
장항생태,20233
국가식품클러스터,20233
국가식품클러스터(외),20233
군산,20233
군산2,20233
익산,20233
광양,20233
대불,20233
대불(외국인),20233
여수,20233
구미,20233
구미(외),20233
포항,20233
포항블루밸리,20233
경남항공,20233
밀양나노,20233
안정,20233
진해,20233
창원,20233
계,20233
서울,20233
녹산,20233
대구,20233
남동,20233
부평,20233
주안,20233
광주첨단,20233
빛그린,20233
온산,20233
울산ㆍ미포,20233
반월,20233
시화,20233
시화MTV,20233
파주탄현,20233
동두천,20233
북평,20233
오송생명과학,20233
석문,20233
아산,20233
장항생태,20233
국가식품클러스터,20233
국가식품클러스터(외),20233
군산,20233
군산2,20233
익산,20233
광양,20233
대불,20233
대불(외국인),20233
여수,20233
구미,20233
구미(외),20233
포항,20233
포항블루밸리,20233
경남항공,20233
밀양나노,20233
안정,20233
진해,20233
창원,20233
계,20233
서울,20233
녹산,20233
대구,20233
남동,20233
부평,20233
주안,20233
광주첨단,20233
빛그린,20233
온산,20233
울산ㆍ미포,20233
반월,20233
시화,20233
시화MTV,20233
파주탄현,20233
동두천,20233
북평,20233
오송생명과학,20233
석문,20233
아산,20233
장항생태,20233
국가식품클러스터,20233
국가식품클러스터(외),20233
군산,20233
군산2,20233
익산,20233
광양,20233
대불,20233
대불(외국인),20233
여수,20233
구미,20233
구미(외),20233
포항,20233
포항블루밸리,20233
경남항공,20233
밀양나노,20233
안정,20233
진해,20233
창원,20233
계,20233
서울,20233
녹산,20233
대구,20233
남동,20233
부평,20233
주안,20233
광주첨단,20233
빛그린,20233
온산,20233
울산ㆍ미포,20233
반월,20233
시화,20233
시화MTV,20233
파주탄현,20233
동두천,20233
북평,20233
오송생명과학,20233
석문,20233
아산,20233
장항생태,20233
국가식품클러스터,20233
국가식품클러스터(외),20233
군산,20233
군산2,20233
익산,20233
광양,20233
대불,20233
대불(외국인),20233
여수,20233
구미,20233
구미(외),20233
포항,20233
포항블루밸리,20233
경남항공,20233
밀양나노,20233
안정,20233
진해,20233
창원,20233
계,20233
서울,20233
녹산,20233
대구,20233
남동,20233
부평,20233
주안,20233
광주첨단,20233
빛그린,20233
온산,20233
울산ㆍ미포,20233
반월,20233
시화,20233
시화MTV,20233
파주탄현,20233
동두천,20233
북평,20233
오송생명과학,20233
석문,20233
아산,20233
장항생태,20233
국가식품클러스터,20233
국가식품클러스터(외),20233
군산,20233
군산2,20233
익산,20233
광양,20233
대불,20233
대불(외국인),20233
여수,20233
구미,20233
구미(외),20233
포항,20233
포항블루밸리,20233
경남항공,20233
밀양나노,20233
안정,20233
진해,20233
창원,20233
계,20233
서울,20233
녹산,20233
대구,20233
남동,20233
부평,20233
주안,20233
광주첨단,20233
빛그린,20233
온산,20233
울산ㆍ미포,20233
반월,20233
시화,20233
시화MTV,20233
파주탄현,20233
동두천,20233
북평,20233
오송생명과학,20233
석문,20233
아산,20233
장항생태,20233
국가식품클러스터,20233
국가식품클러스터(외),20233
군산,20233
군산2,20233
익산,20233
광양,20233
대불,20233
대불(외국인),20233
여수,20233
구미,20233
구미(외),20233
포항,20233
포항블루밸리,20233
경남항공,20233
밀양나노,20233
안정,20233
진해,20233
창원,20233
계,20233
서울,20233
녹산,20233
대구,20233
남동,20233
부평,20233
주안,20233
광주첨단,20233
빛그린,20233
온산,20233
울산ㆍ미포,20233
반월,20233
시화,20233
시화MTV,20233
파주탄현,20233
동두천,20233
북평,20233
오송생명과학,20233
석문,20233
아산,20233
장항생태,20233
국가식품클러스터,20233
국가식품클러스터(외),20233
군산,20233
군산2,20233
익산,20233
광양,20233
대불,20233
대불(외국인),20233
여수,20233
구미,20233
구미(외),20233
포항,20233
포항블루밸리,20233
경남항공,20233
밀양나노,20233
안정,20233
진해,20233
창원,20233
계,20233
서울,20233
녹산,20233
대구,20233
남동,20233
부평,20233
주안,20233
광주첨단,20233
빛그린,20233
온산,20233
울산ㆍ미포,20233
반월,20233
시화,20233
시화MTV,20233
파주탄현,20233
동두천,20233
북평,20233
오송생명과학,20233
석문,20233
아산,20233
장항생태,20233
국가식품클러스터,20233
국가식품클러스터(외),20233
군산,20233
군산2,20233
익산,20233
광양,20233
대불,20233
대불(외국인),20233
여수,20233
구미,20233
구미(외),20233
포항,20233
포항블루밸리,20233
경남항공,20233
밀양나노,20233
안정,20233
진해,20233
창원,20233
계,20233
서울,20233
녹산,20233
대구,20233
남동,20233
부평,20233
주안,20233
광주첨단,20233
빛그린,20233
온산,20233
울산ㆍ미포,20233
반월,20233
시화,20233
시화MTV,20233
파주탄현,20233
동두천,20233
북평,20233
오송생명과학,20233
석문,20233
아산,20233
장항생태,20233
국가식품클러스터,20233
국가식품클러스터(외),20233
군산,20233
군산2,20233
익산,20233
광양,20233
대불,20233
대불(외국인),20233
여수,20233
구미,20233
구미(외),20233
포항,20233
포항블루밸리,20233
경남항공,20233
밀양나노,20233
안정,20233
진해,20233
창원,20233
계,20233
서울,20233
녹산,20233
대구,20233
남동,20233
부평,20233
주안,20233
광주첨단,20233
빛그린,20233
온산,20233
울산ㆍ미포,20233
반월,20233
시화,20233
시화MTV,20233
파주탄현,20233
동두천,20233
북평,20233
오송생명과학,20233
석문,20233
아산,20233
장항생태,20233
국가식품클러스터,20233
국가식품클러스터(외),20233
군산,20233
군산2,20233
익산,20233
광양,20233
대불,20233
대불(외국인),20233
여수,20233
구미,20233
구미(외),20233
포항,20233
포항블루밸리,20233
경남항공,20233
밀양나노,20233
안정,20233
진해,20233
창원,20233
계,20233
서울,20233
녹산,20233
대구,20233
남동,20233
부평,20233
주안,20233
광주첨단,20233
빛그린,20233
온산,20233
울산ㆍ미포,20233
반월,20233
시화,20233
시화MTV,20233
파주탄현,20233
동두천,20233
북평,20233
오송생명과학,20233
석문,20233
아산,20233
장항생태,20233
국가식품클러스터,20233
국가식품클러스터(외),20233
군산,20233
군산2,20233
익산,20233
광양,20233
대불,20233
대불(외국인),20233
여수,20233
구미,20233
구미(외),20233
포항,20233
포항블루밸리,20233
경남항공,20233
밀양나노,20233
안정,20233
진해,20233
창원,20233
계,20233
서울,20233
녹산,20233
대구,20233
남동,20233
부평,20233
주안,20233
광주첨단,20233
빛그린,20233
온산,20233
울산ㆍ미포,20233
반월,20233
시화,20233
시화MTV,20233
파주탄현,20233
동두천,20233
북평,20233
오송생명과학,20233
석문,20233
아산,20233
장항생태,20233
국가식품클러스터,20233
국가식품클러스터(외),20233
군산,20233
군산2,20233
익산,20233
광양,20233
대불,20233
대불(외국인),20233
여수,20233
구미,20233
구미(외),20233
포항,20233
포항블루밸리,20233
경남항공,20233
밀양나노,20233
안정,20233
진해,20233
창원,20233
계,20233
서울,20233
녹산,20233
대구,20233
남동,20233
부평,20233
주안,20233
광주첨단,20233
빛그린,20233
온산,20233
울산ㆍ미포,20233
반월,20233
시화,20233
시화MTV,20233
파주탄현,20233
동두천,20233
북평,20233
오송생명과학,20233
석문,20233
아산,20233
장항생태,20233
국가식품클러스터,20233
국가식품클러스터(외),20233
군산,20233
군산2,20233
익산,20233
광양,20233
대불,20233
대불(외국인),20233
여수,20233
구미,20233
구미(외),20233
포항,20233
포항블루밸리,20233
경남항공,20233
밀양나노,20233
안정,20233
진해,20233
창원,20233
계,20233
서울,20233
녹산,20233
대구,20233
남동,20233
부평,20233
주안,20233
광주첨단,20233
빛그린,20233
온산,20233
울산ㆍ미포,20233
반월,20233
시화,20233
시화MTV,20233
파주탄현,20233
동두천,20233
북평,20233
오송생명과학,20233
석문,20233
아산,20233
장항생태,20233
국가식품클러스터,20233
국가식품클러스터(외),20233
군산,20233
군산2,20233
익산,20233
광양,20233
대불,20233
대불(외국인),20233
여수,20233
구미,20233
구미(외),20233
포항,20233
포항블루밸리,20233
경남항공,20233
밀양나노,20233
안정,20233
진해,20233
창원,20233
계,20233
서울,20233
녹산,20233
대구,20233
남동,20233
부평,20233
주안,20233
광주첨단,20233
빛그린,20233
온산,20233
울산ㆍ미포,20233
반월,20233
시화,20233
시화MTV,20233
파주탄현,20233
동두천,20233
북평,20233
오송생명과학,20233
석문,20233
아산,20233
장항생태,20233
국가식품클러스터,20233
국가식품클러스터(외),20233
군산,20233
군산2,20233
익산,20233
광양,20233
대불,20233
대불(외국인),20233
여수,20233
구미,20233
구미(외),20233
포항,20233
포항블루밸리,20233
경남항공,20233
밀양나노,20233
안정,20233
진해,20233
창원,20233
계,20233
서울,20233
녹산,20233
대구,20233
남동,20233
부평,20233
주안,20233
광주첨단,20233
빛그린,20233
온산,20233
울산ㆍ미포,20233
반월,20233
시화,20233
시화MTV,20233
파주탄현,20233
동두천,20233
북평,20233
오송생명과학,20233
석문,20233
아산,20233
장항생태,20233
국가식품클러스터,20233
국가식품클러스터(외),20233
군산,20233
군산2,20233
익산,20233
광양,20233
대불,20233
대불(외국인),20233
여수,20233
구미,20233
구미(외),20233
포항,20233
포항블루밸리,20233
경남항공,20233
밀양나노,20233
안정,20233
진해,20233
창원,20233
계,20233
서울,20233
녹산,20233
대구,20233
남동,20233
부평,20233
주안,20233
광주첨단,20233
빛그린,20233
온산,20233
울산ㆍ미포,20233
반월,20233
시화,20233
시화MTV,20233
파주탄현,20233
동두천,20233
북평,20233
오송생명과학,20233
석문,20233
아산,20233
장항생태,20233
국가식품클러스터,20233
국가식품클러스터(외),20233
군산,20233
군산2,20233
익산,20233
광양,20233
대불,20233
대불(외국인),20233
여수,20233
구미,20233
구미(외),20233
포항,20233
포항블루밸리,20233
경남항공,20233
밀양나노,20233
안정,20233
진해,20233
창원,20233
계,20233
서울,20233
녹산,20233
대구,20233
남동,20233
부평,20233
주안,20233
광주첨단,20233
빛그린,20233
온산,20233
울산ㆍ미포,20233
반월,20233
시화,20233
시화MTV,20233
파주탄현,20233
동두천,20233
북평,20233
오송생명과학,20233
석문,20233
아산,20233
장항생태,20233
국가식품클러스터,20233
국가식품클러스터(외),20233
군산,20233
군산2,20233
익산,20233
광양,20233
대불,20233
대불(외국인),20233
여수,20233
구미,20233
구미(외),20233
포항,20233
포항블루밸리,20233
경남항공,20233
밀양나노,20233
안정,20233
진해,20233
창원,20233
계,20233
서울,20233
녹산,20233
대구,20233
남동,20233
부평,20233
주안,20233
광주첨단,20233
빛그린,20233
온산,20233
울산ㆍ미포,20233
반월,20233
시화,20233
시화MTV,20233
파주탄현,20233
동두천,20233
북평,20233
오송생명과학,20233
석문,20233
아산,20233
장항생태,20233
국가식품클러스터,20233
국가식품클러스터(외),20233
군산,20233
군산2,20233
익산,20233
광양,20233
대불,20233
대불(외국인),20233
여수,20233
구미,20233
구미(외),20233
포항,20233
포항블루밸리,20233
경남항공,20233
밀양나노,20233
안정,20233
진해,20233
창원,20233
계,20233
서울,20233
녹산,20233
대구,20233
남동,20233
부평,20233
주안,20233
광주첨단,20233
빛그린,20233
온산,20233
울산ㆍ미포,20233
반월,20233
시화,20233
시화MTV,20233
파주탄현,20233
동두천,20233
북평,20233
오송생명과학,20233
석문,20233
아산,20233
장항생태,20233
국가식품클러스터,20233
국가식품클러스터(외),20233
군산,20233
군산2,20233
익산,20233
광양,20233
대불,20233
대불(외국인),20233
여수,20233
구미,20233
구미(외),20233
포항,20233
포항블루밸리,20233
경남항공,20233
밀양나노,20233
안정,20233
진해,20233
창원,20233
계,20233
서울,20233
녹산,20233
대구,20233
남동,20233
부평,20233
주안,20233
광주첨단,20233
빛그린,20233
온산,20233
울산ㆍ미포,20233
반월,20233
시화,20233
시화MTV,20233
파주탄현,20233
동두천,20233
북평,20233
오송생명과학,20233
석문,20233
아산,20233
장항생태,20233
국가식품클러스터,20233
국가식품클러스터(외),20233
군산,20233
군산2,20233
익산,20233
광양,20233
대불,20233
대불(외국인),20233
여수,20233
구미,20233
구미(외),20233
포항,20233
포항블루밸리,20233
경남항공,20233
밀양나노,20233
안정,20233
진해,20233
창원,20233
계,20233
서울,20233
녹산,20233
대구,20233
남동,20233
부평,20233
주안,20233
광주첨단,20233
빛그린,20233
온산,20233
울산ㆍ미포,20233
반월,20233
시화,20233
시화MTV,20233
파주탄현,20233
동두천,20233
북평,20233
오송생명과학,20233
석문,20233
아산,20233
장항생태,20233
국가식품클러스터,20233
국가식품클러스터(외),20233
군산,20233
군산2,20233
익산,20233
광양,20233
대불,20233
대불(외국인),20233
여수,20233
구미,20233
구미(외),20233
포항,20233
포항블루밸리,20233
경남항공,20233
밀양나노,20233
안정,20233
진해,20233
창원,20233
계,20233
서울,20233
녹산,20233
대구,20233
남동,20233
부평,20233
주안,20233
광주첨단,20233
빛그린,20233
온산,20233
울산ㆍ미포,20233
반월,20233
시화,20233
시화MTV,20233
파주탄현,20233
동두천,20233
북평,20233
오송생명과학,20233
석문,20233
아산,20233
장항생태,20233
국가식품클러스터,20233
국가식품클러스터(외),20233
군산,20233
군산2,20233
익산,20233
광양,20233
대불,20233
대불(외국인),20233
여수,20233
구미,20233
구미(외),20233
포항,20233
포항블루밸리,20233
경남항공,20233
밀양나노,20233
안정,20233
진해,20233
창원,20233
계,20233
서울,20233
녹산,20233
대구,20233
남동,20233
부평,20233
주안,20233
광주첨단,20233
빛그린,20233
온산,20233
울산ㆍ미포,20233
반월,20233
시화,20233
시화MTV,20233
파주탄현,20233
동두천,20233
북평,20233
오송생명과학,20233
석문,20233
아산,20233
장항생태,20233
국가식품클러스터,20233
국가식품클러스터(외),20233
군산,20233
군산2,20233
익산,20233
광양,20233
대불,20233
대불(외국인),20233
여수,20233
구미,20233
구미(외),20233
포항,20233
포항블루밸리,20233
경남항공,20233
밀양나노,20233
안정,20233
진해,20233
창원,20233
계,20233
서울,202305
녹산,202305
대구,202305
남동,202305
부평,202305
주안,202305
광주첨단,202305
빛그린,202305
온산,202305
울산ㆍ미포,202305
반월,202305
시화,202305
시화MTV,202305
파주탄현,202305
동두천,202305
북평,202305
오송생명과학,202305
석문,202305
아산,202305
장항생태,202305
국가식품클러스터,202305
국가식품클러스터(외),202305
군산,202305
군산2,202305
익산,202305
광양,202305
대불,202305
대불(외국인),202305
여수,202305
구미,202305
구미(외),202305
포항,202305
포항블루밸리,202305
경남항공,202305
밀양나노,202305
안정,202305
진해,202305
창원,202305
계,202305
서울,202305
녹산,202305
대구,202305
남동,202305
부평,202305
주안,202305
광주첨단,202305
빛그린,202305
온산,202305
울산ㆍ미포,202305
반월,202305
시화,202305
시화MTV,202305
파주탄현,202305
동두천,202305
북평,202305
오송생명과학,202305
석문,202305
아산,202305
장항생태,202305
국가식품클러스터,202305
국가식품클러스터(외),202305
군산,202305
군산2,202305
익산,202305
광양,202305
대불,202305
대불(외국인),202305
여수,202305
구미,202305
구미(외),202305
포항,202305
포항블루밸리,202305
경남항공,202305
밀양나노,202305
안정,202305
진해,202305
창원,202305
계,202305
서울,202304
녹산,202304
대구,202304
남동,202304
부평,202304
주안,202304
광주첨단,202304
빛그린,202304
온산,202304
울산ㆍ미포,202304
반월,202304
시화,202304
시화MTV,202304
파주탄현,202304
동두천,202304
북평,202304
오송생명과학,202304
석문,202304
아산,202304
장항생태,202304
국가식품클러스터,202304
국가식품클러스터(외),202304
군산,202304
군산2,202304
익산,202304
광양,202304
대불,202304
대불(외국인),202304
여수,202304
구미,202304
구미(외),202304
포항,202304
포항블루밸리,202304
경남항공,202304
밀양나노,202304
안정,202304
진해,202304
창원,202304
계,202304
서울,202303
녹산,202303
대구,202303
남동,202303
부평,202303
주안,202303
광주첨단,202303
빛그린,202303
온산,202303
울산ㆍ미포,202303
반월,202303
시화,202303
시화MTV,202303
파주탄현,202303
동두천,202303
북평,202303
오송생명과학,202303
석문,202303
아산,202303
장항생태,202303
국가식품클러스터,202303
국가식품클러스터(외),202303
군산,202303
군산2,202303
익산,202303
광양,202303
대불,202303
대불(외국인),202303
여수,202303
구미,202303
구미(외),202303
포항,202303
포항블루밸리,202303
경남항공,202303
밀양나노,202303
안정,202303
진해,202303
창원,202303
계,202303
서울,202302
녹산,202302
대구,202302
남동,202302
부평,202302
주안,202302
광주첨단,202302
빛그린,202302
온산,202302
울산ㆍ미포,202302
반월,202302
시화,202302
시화MTV,202302
파주탄현,202302
동두천,202302
북평,202302
오송생명과학,202302
석문,202302
아산,202302
장항생태,202302
국가식품클러스터,202302
국가식품클러스터(외),202302
군산,202302
군산2,202302
익산,202302
광양,202302
대불,202302
대불(외국인),202302
여수,202302
구미,202302
구미(외),202302
포항,202302
포항블루밸리,202302
경남항공,202302
밀양나노,202302
안정,202302
진해,202302
창원,202302
계,202302
서울,202301
녹산,202301
대구,202301
남동,202301
부평,202301
주안,202301
광주첨단,202301
빛그린,202301
온산,202301
울산ㆍ미포,202301
반월,202301
시화,202301
시화MTV,202301
파주탄현,202301
동두천,202301
북평,202301
오송생명과학,202301
석문,202301
아산,202301
장항생태,202301
국가식품클러스터,202301
국가식품클러스터(외),202301
군산,202301
군산2,202301
익산,202301
광양,202301
대불,202301
대불(외국인),202301
여수,202301
구미,202301
구미(외),202301
포항,202301
포항블루밸리,202301
경남항공,202301
밀양나노,202301
안정,202301
진해,202301
창원,202301
계,202301
서울,202212
녹산,202212
대구,202212
남동,202212
부평,202212
주안,202212
광주첨단,202212
빛그린,202212
온산,202212
울산ㆍ미포,202212
반월,202212
시화,202212
시화MTV,202212
파주탄현,202212
동두천,202212
북평,202212
오송생명과학,202212
석문,202212
아산,202212
장항생태,202212
국가식품클러스터,202212
국가식품클러스터(외),202212
군산,202212
군산2,202212
익산,202212
광양,202212
대불,202212
대불(외국인),202212
여수,202212
구미,202212
구미(외),202212
포항,202212
포항블루밸리,202212
경남항공,202212
밀양나노,202212
안정,202212
진해,202212
창원,202212
계,202212
서울,202211
녹산,202211
대구,202211
남동,202211
부평,202211
주안,202211
광주첨단,202211
빛그린,202211
온산,202211
울산ㆍ미포,202211
반월,202211
시화,202211
시화MTV,202211
파주탄현,202211
동두천,202211
북평,202211
오송생명과학,202211
석문,202211
아산,202211
장항생태,202211
국가식품클러스터,202211
국가식품클러스터(외),202211
군산,202211
군산2,202211
익산,202211
광양,202211
대불,202211
대불(외국인),202211
여수,202211
구미,202211
구미(외),202211
포항,202211
포항블루밸리,202211
경남항공,202211
밀양나노,202211
안정,202211
진해,202211
창원,202211
계,202211
서울,202210
녹산,202210
대구,202210
남동,202210
부평,202210
주안,202210
광주첨단,202210
빛그린,202210
온산,202210
울산ㆍ미포,202210
반월,202210
시화,202210
시화MTV,202210
파주탄현,202210
동두천,202210
북평,202210
오송생명과학,202210
석문,202210
아산,202210
장항생태,202210
국가식품클러스터,202210
국가식품클러스터(외),202210
군산,202210
군산2,202210
익산,202210
광양,202210
대불,202210
대불(외국인),202210
여수,202210
구미,202210
구미(외),202210
포항,202210
포항블루밸리,202210
경남항공,202210
밀양나노,202210
안정,202210
진해,202210
창원,202210
계,202210
서울,202209
녹산,202209
대구,202209
남동,202209
부평,202209
주안,202209
광주첨단,202209
빛그린,202209
온산,202209
울산ㆍ미포,202209
반월,202209
시화,202209
시화MTV,202209
파주탄현,202209
동두천,202209
북평,202209
오송생명과학,202209
석문,202209
아산,202209
장항생태,202209
국가식품클러스터,202209
국가식품클러스터(외),202209
군산,202209
군산2,202209
익산,202209
광양,202209
대불,202209
대불(외국인),202209
여수,202209
구미,202209
구미(외),202209
포항,202209
포항블루밸리,202209
경남항공,202209
밀양나노,202209
안정,202209
진해,202209
창원,202209
계,202209
서울,202208
녹산,202208
대구,202208
남동,202208
부평,202208
주안,202208
광주첨단,202208
빛그린,202208
온산,202208
울산ㆍ미포,202208
반월,202208
시화,202208
시화MTV,202208
파주탄현,202208
동두천,202208
북평,202208
오송생명과학,202208
석문,202208
아산,202208
장항생태,202208
국가식품클러스터,202208
국가식품클러스터(외),202208
군산,202208
군산2,202208
익산,202208
광양,202208
대불,202208
대불(외국인),202208
여수,202208
구미,202208
구미(외),202208
포항,202208
포항블루밸리,202208
경남항공,202208
밀양나노,202208
안정,202208
진해,202208
창원,202208
계,202208
서울,202207
녹산,202207
대구,202207
남동,202207
부평,202207
주안,202207
광주첨단,202207
빛그린,202207
온산,202207
울산ㆍ미포,202207
반월,202207
시화,202207
시화MTV,202207
파주탄현,202207
북평,202207
오송생명과학,202207
석문,202207
아산,202207
장항생태,202207
국가식품클러스터,202207
국가식품클러스터(외),202207
군산,202207
군산2,202207
익산,202207
광양,202207
대불,202207
대불(외국인),202207
여수,202207
구미,202207
구미(외),202207
포항,202207
포항블루밸리,202207
경남항공,202207
밀양나노,202207
안정,202207
진해,202207
창원,202207
계,202207
서울,202206
녹산,202206
대구,202206
남동,202206
부평,202206
주안,202206
광주첨단,202206
빛그린,202206
온산,202206
울산ㆍ미포,202206
반월,202206
시화,202206
시화MTV,202206
파주탄현,202206
북평,202206
오송생명과학,202206
석문,202206
아산,202206
장항생태,202206
국가식품클러스터,202206
국가식품클러스터(외),202206
군산,202206
군산2,202206
익산,202206
광양,202206
대불,202206
대불(외국인),202206
여수,202206
구미,202206
구미(외),202206
포항,202206
포항블루밸리,202206
경남항공,202206
밀양나노,202206
안정,202206
진해,202206
창원,202206
계,202206
서울,202205
녹산,202205
대구,202205
남동,202205
부평,202205
주안,202205
광주첨단,202205
빛그린,202205
온산,202205
울산ㆍ미포,202205
반월,202205
시화,202205
시화MTV,202205
파주탄현,202205
북평,202205
오송생명과학,202205
석문,202205
아산,202205
장항생태,202205
국가식품클러스터,202205
국가식품클러스터(외),202205
군산,202205
군산2,202205
익산,202205
광양,202205
대불,202205
대불(외국인),202205
여수,202205
구미,202205
구미(외),202205
포항,202205
포항블루밸리,202205
경남항공,202205
밀양나노,202205
안정,202205
진해,202205
창원,202205
계,202205
서울,202204
녹산,202204
대구,202204
남동,202204
부평,202204
주안,202204
광주첨단,202204
빛그린,202204
온산,202204
울산ㆍ미포,202204
반월,202204
시화,202204
시화MTV,202204
파주탄현,202204
북평,202204
오송생명과학,202204
석문,202204
아산,202204
장항생태,202204
국가식품클러스터,202204
국가식품클러스터(외),202204
군산,202204
군산2,202204
익산,202204
광양,202204
대불,202204
대불(외국인),202204
여수,202204
구미,202204
구미(외),202204
포항,202204
포항블루밸리,202204
경남항공,202204
밀양나노,202204
안정,202204
진해,202204
창원,202204
계,202204
